"Gene","logFC","AveExpr","t","PValue","FDR","B","Test"
"ENSG00000276850",-3.00116636388579,2.60084159689703,-5.04854776132724,4.80728970250294e-07,0.00912135148152909,3.7634959906912,"Old_vs_Young_Main_Effect"
